date,rf_vol_prediction,actual_vol,lower,upper
2024-07-05,0.0637443958558772,0.0640836970534401,0.04821409571757425,0.07927469599418015
2024-07-08,0.0608790414270214,0.054386726683302,0.04534874128871845,0.07640934156532435
2024-07-09,0.0524638439498237,0.0540411014848,0.03693354381152075,0.06799414408812665
2024-07-10,0.0551767029270449,0.0590926533479299,0.03964640278874196,0.07070700306534784
2024-07-11,0.0665359442411666,0.0705867185415044,0.05100564410286365,0.08206624437946955
2024-07-12,0.0743020144205577,0.0721529024415508,0.05877171428225475,0.08983231455886065
2024-07-15,0.0727355132177539,0.0688133524755405,0.05720521307945095,0.08826581335605685
2024-07-16,0.0720029791602639,0.0702092094901964,0.056472679021960945,0.08753327929856684
2024-07-17,0.078994207460816,0.0898839983173385,0.06346390732251304,0.09452450759911894
2024-07-18,0.1015118571860383,0.0918382235261539,0.08598155704773536,0.11704215732434126
2024-07-19,0.1105504127101634,0.094915201221472,0.09502011257186045,0.12608071284846634
2024-07-22,0.1017315349898198,0.1003789934492178,0.08620123485151684,0.11726183512812274
2024-07-23,0.1121573369064257,0.1004438593501037,0.09662703676812275,0.12768763704472863
2024-07-24,0.1086803751842518,0.1293939179253083,0.09315007504594885,0.12421067532255475
2024-07-25,0.1327726060951641,0.1296952440617058,0.11724230595686114,0.14830290623346704
2024-07-26,0.1335329902351272,0.1358165780127373,0.11800269009682426,0.14906329037343016
2024-07-29,0.1406285817270915,0.1357067316228142,0.12509828158878855,0.15615888186539445
2024-07-30,0.1386164692619591,0.1361642335187555,0.12308616912365616,0.15414676940026206
2024-07-31,0.1393159226975265,0.1473549902617288,0.12378562255922354,0.15484622283582944
2024-08-01,0.1488185324875573,0.1539383725271825,0.13328823234925435,0.16434883262586025
2024-08-02,0.1588536798051975,0.1651269661757901,0.14332337966689454,0.17438397994350044
2024-08-05,0.1866400234029763,0.1888355140059203,0.17110972326467336,0.20217032354127926
2024-08-06,0.1995700902831025,0.1932205762630273,0.18403979014479954,0.21510039042140544
2024-08-07,0.2036344642504731,0.1930978130737707,0.18810416411217015,0.21916476438877605
2024-08-08,0.204495358385647,0.2088657089301726,0.18896505824734405,0.22002565852394995
2024-08-09,0.2102891296240249,0.2090506786700168,0.19475882948572196,0.22581942976232786
2024-08-12,0.2065927891447522,0.2070974175048013,0.19106248900644926,0.22212308928305516
2024-08-13,0.2096144459583819,0.2164081074837967,0.19408414582007896,0.22514474609668486
2024-08-14,0.2109892716322536,0.2153955353093832,0.19545897149395064,0.22651957177055654
2024-08-15,0.2169213373326202,0.2199173018487862,0.20139103719431725,0.23245163747092315
2024-08-16,0.2126063557447602,0.2184049669479653,0.19707605560645725,0.22813665588306314
2024-08-19,0.2168231681759755,0.2192428103051784,0.20129286803767255,0.23235346831427844
2024-08-20,0.2155706362409193,0.2167108935300444,0.20004033610261635,0.23110093637922224
2024-08-21,0.2073304048793786,0.21684603422341,0.19180010474107564,0.22286070501768154
2024-08-22,0.2072484424306546,0.2020545518956897,0.19171814229235165,0.22277874256895755
2024-08-23,0.1950854850450949,0.2030327904357015,0.17955518490679195,0.21061578518339785
2024-08-26,0.2000656962452036,0.2008011524264081,0.18453539610690065,0.21559599638350654
2024-08-27,0.200149647945641,0.2007791081257995,0.18461934780733805,0.21567994808394395
2024-08-28,0.1957812133092688,0.2010996229483488,0.18025091317096584,0.21131151344757174
2024-08-29,0.2021588078268974,0.193858762202304,0.18662850768859446,0.21768910796520036
2024-08-30,0.1896779385694456,0.1882260948168073,0.17414763843114264,0.20520823870774854
2024-09-03,0.1710405414435274,0.1910859876912101,0.15551024130522445,0.18657084158183035
2024-09-04,0.188622836830602,0.1547214326595252,0.17309253669229904,0.20415313696890494
2024-09-05,0.1548472469374999,0.1541018551735667,0.13931694679919696,0.17037754707580285
2024-09-06,0.1557715928902338,0.1654660787429709,0.14024129275193084,0.17130189302853674
2024-09-09,0.1714057519518218,0.1511748862162768,0.15587545181351886,0.18693605209012476
2024-09-10,0.1545559506669759,0.1511615258075354,0.13902565052867294,0.17008625080527884
2024-09-11,0.1490187111726424,0.1541535882826329,0.13348841103433945,0.16454901131094535
2024-09-12,0.1525525118700202,0.1470692076287474,0.13702221173171725,0.16808281200832315
2024-09-13,0.1439939659767036,0.1475370319502282,0.12846366583840066,0.15952426611500656
2024-09-16,0.145004324628888,0.1364767802509389,0.12947402449058504,0.16053462476719094
2024-09-17,0.1333812035658182,0.1363865282322896,0.11785090342751525,0.14891150370412115
2024-09-18,0.1310641096986104,0.1330897128166551,0.11553380956030745,0.14659440983691335
2024-09-19,0.1274189471312371,0.1449458658363439,0.11188864699293416,0.14294924726954006
2024-09-20,0.146269717356038,0.1449737145974644,0.13073941721773505,0.16180001749434095
2024-09-23,0.1440547107272577,0.1415716286029984,0.12852441058895475,0.15958501086556065
2024-09-24,0.1371612677164682,0.1376649612310639,0.12163096757816524,0.15269156785477114
2024-09-25,0.1356217326564933,0.1376123376106522,0.12009143251819035,0.15115203279479625
2024-09-26,0.1301772813846949,0.1380088983099447,0.11464698124639194,0.14570758152299784
2024-09-27,0.1323665928755961,0.1360844859993841,0.11683629273729315,0.14789689301389905
2024-09-30,0.1325771399488309,0.1363358731406439,0.11704683981052796,0.14810744008713386
2024-10-01,0.1336089394880029,0.1376133302793216,0.11807863934969995,0.14913923962630585
2024-10-02,0.1356931219526141,0.1136726009717533,0.12016282181431115,0.15122342209091705
2024-10-03,0.1135989542651312,0.1135870995770448,0.09806865412682825,0.12912925440343415
2024-10-04,0.1103162737676152,0.1154192736825667,0.09478597362931225,0.12584657390591814
2024-10-07,0.111564095828908,0.1013409331332689,0.09603379569060505,0.12709439596721095
2024-10-08,0.0988588759180437,0.099656062110163,0.08332857577974075,0.11438917605634664
2024-10-09,0.0974313623541993,0.1006660479333587,0.08190106221589635,0.11296166249250225
2024-10-10,0.097700171894171,0.0976760632632605,0.08216987175586805,0.11323047203247395
2024-10-11,0.0949852847918952,0.0960210242921465,0.07945498465359226,0.11051558493019815
2024-10-14,0.0945689275011999,0.0978328503383981,0.07903862736289695,0.11009922763950285
2024-10-15,0.0977901229409795,0.103567266428257,0.08225982280267655,0.11332042307928245
2024-10-16,0.103498688032661,0.1039114975218929,0.08796838789435805,0.11902898817096395
2024-10-17,0.1000195996610655,0.1026964816711553,0.08448929952276255,0.11554989979936844
2024-10-18,0.0982805457328172,0.0874386545548649,0.08275024559451426,0.11381084587112016
2024-10-21,0.0873748572544478,0.0874018552467624,0.07184455711614485,0.10290515739275075
2024-10-22,0.0865595921744838,0.087496696204507,0.07102929203618084,0.10208989231278674
2024-10-23,0.097809799037531,0.0941785757127709,0.08227949889922805,0.11334009917583394
2024-10-24,0.0951949669213511,0.0937790589023746,0.07966466678304815,0.11072526705965405
2024-10-25,0.0994496636336924,0.093114383018134,0.08391936349538945,0.11497996377199535
2024-10-28,0.0981042422107594,0.0932076895282202,0.08257394207245645,0.11363454234906235
2024-10-29,0.0967413988843054,0.0925318874921161,0.08121109874600245,0.11227169902260835
2024-10-30,0.0890572079038948,0.0868150402767954,0.07352690776559186,0.10458750804219775
2024-10-31,0.0969610054996668,0.1127344972231042,0.08143070536136385,0.11249130563796975
2024-11-01,0.1156064678281902,0.1134516372438899,0.10007616768988725,0.13113676796649315
2024-11-04,0.1158395201841103,0.1090847442839371,0.10030922004580735,0.13136982032241323
2024-11-05,0.1138412276480529,0.1120440065059386,0.09831092750974996,0.12937152778635586
2024-11-06,0.1198447388169116,0.1364483077937758,0.10431443867860865,0.13537503895521455
2024-11-07,0.144938331575167,0.1368775896732507,0.12940803143686405,0.16046863171346995
2024-11-08,0.139786374541664,0.1366766215928802,0.12425607440336106,0.15531667467996696
2024-11-11,0.138260100625987,0.1358453484497013,0.12272980048768406,0.15379040076428996
2024-11-12,0.1356876459007179,0.1345503294927324,0.12015734576241496,0.15121794603902086
2024-11-13,0.1369906286885562,0.1307180552669396,0.12146032855025324,0.15252092882685914
2024-11-14,0.1340924474243281,0.132995066716255,0.11856214728602515,0.14962274756263105
2024-11-15,0.1391138327271829,0.1413270213999445,0.12358353258887994,0.15464413286548584
2024-11-18,0.1435217754766715,0.1414089667808606,0.12799147533836855,0.15905207561497445
2024-11-19,0.1419685225992446,0.1416857049742842,0.12643822246094166,0.15749882273754756
2024-11-20,0.1415302861988358,0.1416347689049955,0.12599998606053284,0.15706058633713874
2024-11-21,0.137525423421712,0.1379122027077531,0.12199512328340906,0.15305572356001496
2024-11-22,0.1311784034613691,0.1380257126458831,0.11564810332306616,0.14670870359967206
2024-11-25,0.1354220981392631,0.1380640824133662,0.11989179800096014,0.15095239827756604
2024-11-26,0.1360923213022468,0.1385664718197612,0.12056202116394385,0.15162262144054975
2024-11-27,0.1346531405389141,0.1394922506684465,0.11912284040061116,0.15018344067721706
2024-11-29,0.1354246121647839,0.1394802767650423,0.11989431202648096,0.15095491230308686
2024-12-02,0.1301395975573349,0.1152792479887866,0.11460929741903195,0.14566989769563785
2024-12-03,0.1063883271015216,0.115449722449664,0.09085802696321865,0.12191862723982455
2024-12-04,0.1107937460029558,0.1146756501687035,0.09526344586465285,0.12632404614125875
2024-12-05,0.1070373713850394,0.1109372240036332,0.09150707124673645,0.12256767152334234
2024-12-06,0.1015712878877402,0.0762918594889679,0.08604098774943725,0.11710158802604315
2024-12-09,0.072073585193625,0.0757722319893268,0.05654328505532205,0.08760388533192795
2024-12-10,0.0721749532312315,0.075695915935878,0.05664465309292856,0.08770525336953446
2024-12-11,0.0747515169240897,0.079850962038503,0.05922121678578675,0.09028181706239265
2024-12-12,0.0793886918989945,0.0813848307167422,0.06385839176069155,0.09491899203729745
2024-12-13,0.0824944590833272,0.0814302855011983,0.06696415894502425,0.09802475922163015
2024-12-16,0.0788730193201573,0.0782065051870579,0.06334271918185436,0.09440331945846026
2024-12-17,0.0772745000188768,0.0628917948325474,0.06174419988057385,0.09280480015717975
2024-12-18,0.0998327646157467,0.1259208060226745,0.08430246447744374,0.11536306475404964
2024-12-19,0.1323799405678891,0.1251598485747656,0.11684964042958615,0.14791024070619205
2024-12-20,0.1325426771378331,0.1322055209213912,0.11701237699953015,0.14807297727613605
2024-12-23,0.141445322013855,0.1325245736877638,0.12591502187555206,0.15697562215215796
2024-12-24,0.1380262940872488,0.1374594366272941,0.12249599394894586,0.15355659422555176
2024-12-26,0.1422567938980385,0.1370984117168868,0.12672649375973555,0.15778709403634145
2024-12-27,0.1385413018749894,0.1410664904542838,0.12301100173668644,0.15407160201329234
2024-12-30,0.1419545625458033,0.146079181171734,0.12642426240750035,0.15748486268410625
2024-12-31,0.1485497406903402,0.1442006549118266,0.13301944055203724,0.16408004082864314
2025-01-02,0.146370418612229,0.1438561921061789,0.13084011847392604,0.16190071875053194
2025-01-03,0.1465583077878974,0.1515324284815256,0.13102800764959446,0.16208860792620036
2025-01-06,0.1552416586992806,0.1512812510806699,0.13971135856097766,0.17077195883758356
2025-01-07,0.1551295876295926,0.155641308489657,0.13959928749128966,0.17065988776789556
2025-01-08,0.1567420942257724,0.1555371502820027,0.14121179408746945,0.17227239436407535
2025-01-10,0.1581474335875355,0.1626085857039114,0.14261713344923255,0.17367773372583845
2025-01-13,0.1678256465100572,0.1629301768948608,0.15229534637175426,0.18335594664836016
2025-01-14,0.1614616469420385,0.1598431301189744,0.14593134680373554,0.17699194708034144
2025-01-15,0.15607836902658,0.1734192948322215,0.14054806888827706,0.17160866916488296
2025-01-16,0.1740609205872746,0.1734521310664982,0.15853062044897165,0.18959122072557755
2025-01-17,0.1700924769511372,0.1766807321103549,0.15456217681283424,0.18562277708944014
2025-01-21,0.1747866403489983,0.1792536017904765,0.15925634021069535,0.19031694048730124
2025-01-22,0.1689089199833809,0.1420039282804005,0.15337861984507795,0.18443922012168384
2025-01-23,0.1440085437625133,0.1423409053096747,0.12847824362421034,0.15953884390081624
2025-01-24,0.1399541518642483,0.1385837313424653,0.12442385172594536,0.15548445200255126
2025-01-27,0.1336945719214011,0.1474754678772713,0.11816427178309816,0.14922487205970406
2025-01-28,0.1468694373158847,0.1454359071691033,0.13133913717758175,0.16239973745418765
2025-01-29,0.1437143054782818,0.146364770474791,0.12818400533997884,0.15924460561658474
2025-01-30,0.1416805875679841,0.1421455012000017,0.12615028742968115,0.15721088770628705
2025-01-31,0.1429185247353556,0.1369619964510018,0.12738822459705265,0.15844882487365855
2025-02-03,0.1353525690555461,0.1387268755558776,0.11982226891724315,0.15088286919384905
2025-02-04,0.1364605426439106,0.1395177581819883,0.12093024250560766,0.15199084278221356
2025-02-05,0.1340016110944023,0.1340689979876047,0.11847131095609936,0.14953191123270526
2025-02-06,0.1277497694566113,0.1332791011842743,0.11221946931830834,0.14328006959491424
2025-02-07,0.1302160396107404,0.1309578092553569,0.11468573947243746,0.14574633974904336
2025-02-10,0.1275023424863571,0.1324889863670655,0.11197204234805416,0.14303264262466006
2025-02-11,0.1285675479119527,0.1179971648400306,0.11303724777364976,0.14409784805025566
2025-02-12,0.1166097254253748,0.1193756820257375,0.10107942528707185,0.13214002556367774
2025-02-13,0.1119549488153369,0.1231270212170901,0.09642464867703394,0.12748524895363983
2025-02-14,0.1162731319871999,0.1089604289594372,0.10074283184889694,0.13180343212550283
2025-02-18,0.1102791674980372,0.1084241187300943,0.09474886735973426,0.12580946763634016
2025-02-19,0.1037595410142514,0.1040937822860089,0.08822924087594845,0.11928984115255435
2025-02-20,0.0939798629942612,0.1015223401417968,0.07844956285595825,0.10951016313256415
2025-02-21,0.0957357769351968,0.1169569319010519,0.08020547679689385,0.11126607707349975
2025-02-24,0.1226886341508713,0.1156645525908211,0.10715833401256836,0.13821893428917426
2025-02-25,0.1164754800769627,0.1163176736760746,0.10094517993865976,0.13200578021526566
2025-02-26,0.1215937459420523,0.1060635569603306,0.10606344580374935,0.13712404608035525
2025-02-27,0.1144051012218036,0.1139546116057174,0.09887480108350065,0.12993540136010653
2025-02-28,0.1154834701491486,0.1276634153079077,0.09995317001084565,0.13101377028745154
2025-03-03,0.1345199358677572,0.1385733662216033,0.11898963572945426,0.15005023600606016
2025-03-04,0.1478187312904979,0.1425562042265747,0.13228843115219496,0.16334903142880086
2025-03-05,0.1524600348557339,0.1479590061491135,0.13692973471743095,0.16799033499403684
2025-03-06,0.155267738298995,0.1557949691190027,0.13973743816069206,0.17079803843729796
2025-03-07,0.1673457726356252,0.1566831855185056,0.15181547249732225,0.18287607277392814
2025-03-10,0.1663528101784393,0.1768348345608931,0.15082251004013636,0.18188311031674226
2025-03-11,0.1915784853483008,0.1765289782972875,0.17604818520999785,0.20710878548660375
2025-03-12,0.1860929938169392,0.1754979290158404,0.17056269367863625,0.20162329395524214
2025-03-13,0.1806374024590565,0.1777511481096509,0.16510710232075354,0.19616770259735944
2025-03-14,0.1821717338615328,0.1975949300516757,0.16664143372322984,0.19770203399983574
2025-03-17,0.2060779974916554,0.1953389487582477,0.19054769735335245,0.22160829762995835
2025-03-18,0.1992888340059057,0.1965587394781852,0.18375853386760274,0.21481913414420864
2025-03-19,0.2011987744680275,0.2018834418799977,0.18566847432972455,0.21672907460633045
2025-03-20,0.2013724253683862,0.2007537378955934,0.18584212523008325,0.21690272550668915
2025-03-21,0.200777053762208,0.2012639676627862,0.18524675362390505,0.21630735390051095
2025-03-24,0.1990107408970953,0.207813336524083,0.18348044075879236,0.21454104103539826
2025-03-25,0.2053541080170913,0.2081125736066708,0.18982380787878836,0.22088440815539426
2025-03-26,0.2102911193209376,0.2109457953355054,0.19476081918263466,0.22582141945924056
2025-03-27,0.2188325038462812,0.2107650087414436,0.20330220370797825,0.23436280398458414
2025-03-28,0.2105340725438903,0.2147965338608381,0.19500377240558736,0.22606437268219326
2025-03-31,0.2203648202034562,0.2076574374995228,0.20483452006515326,0.23589512034175916
2025-04-01,0.2119103048794474,0.2011056380185099,0.19638000474114445,0.22744060501775035
2025-04-02,0.2006059117671991,0.1994102301090694,0.18507561162889616,0.21613621190550206
2025-04-03,0.2054942905716164,0.2586250537007005,0.18996399043331344,0.22102459070991934
2025-04-04,0.2718602650187587,0.3218018226943386,0.2563299648804558,0.28739056515706163
2025-04-07,0.3497387438134753,0.3195131334998905,0.3342084436751724,0.3652690439517782
2025-04-08,0.3366188111429402,0.312592412950013,0.32108851100463726,0.3521491112812431
2025-04-09,0.3178032067764096,0.4804610200960898,0.3022729066381067,0.33333350691471253
2025-04-10,0.5649456314592189,0.5036542321081933,0.549415331320916,0.5804759315975219
2025-04-11,0.5747567800357453,0.5069616466687885,0.5592264798974423,0.5902870801740482
2025-04-14,0.5053238700774245,0.5024634944796288,0.4897935699391216,0.5208541702157274
2025-04-15,0.4957714901309913,0.5012542025687174,0.4802411899926884,0.5113017902692942
2025-04-16,0.5226674326348829,0.5053217766910594,0.50713713249658,0.5381977327731858
2025-04-17,0.5036585103628931,0.5031334508889497,0.4881282102245902,0.519188810501196
2025-04-21,0.5149969243849631,0.5081947187811756,0.4994666242466602,0.5305272245232661
2025-04-22,0.5080197041781013,0.5186595901620299,0.49248940403979835,0.5235500043164042
2025-04-23,0.5147898691943811,0.517515123571521,0.49925956905607816,0.530320169332684
2025-04-24,0.4973244322882408,0.523979580309261,0.4817941321499379,0.5128547324265438
2025-04-25,0.4987975096378497,0.5237853260603772,0.48326720949954677,0.5143278097761527
2025-04-28,0.5122142969290792,0.5238084461543457,0.49668399679077624,0.5277445970673821
2025-04-29,0.4884979312828585,0.5197689659098776,0.4729676311445556,0.5040282314211615
2025-04-30,0.5039906069273385,0.5191876079576482,0.4884603067890356,0.5195209070656415
2025-05-01,0.5112146054770755,0.5197282458721028,0.4956843053387726,0.5267449056153785
2025-05-02,0.5172849693503935,0.5218757509978819,0.5017546692120906,0.5328152694886964
2025-05-05,0.5022501125673002,0.4890551711270446,0.4867198124289973,0.5177804127056032
2025-05-06,0.4709767491379846,0.4353752107839172,0.4554464489996817,0.4865070492762875
2025-05-07,0.4093728041219653,0.4347293199317417,0.3938425039836624,0.4249031042602682
2025-05-08,0.4204804184737696,0.4280626642266599,0.4049501183354667,0.4360107186120725
2025-05-09,0.3245680209659665,0.2591706765521492,0.30903772082766356,0.3400983211042694
2025-05-12,0.2307345681257322,0.2213202225680417,0.21520426798742925,0.24626486826403515
2025-05-13,0.2019983316160566,0.2166107918636676,0.18646803147775365,0.21752863175435955
2025-05-14,0.2016299915319091,0.2160413767804538,0.18609969139360616,0.21716029167021206
2025-05-15,0.2061218867251912,0.214581873768403,0.19059158658688824,0.22165218686349414
2025-05-16,0.2014004185547431,0.1909022962486649,0.18587011841644016,0.21693071869304606
2025-05-19,0.1920341917677503,0.1910024985676034,0.17650389162944735,0.20756449190605325
2025-05-20,0.1783504176293222,0.1612926376077903,0.16282011749101924,0.19388071776762514
2025-05-21,0.1564049245925899,0.1660427415068941,0.14087462445428695,0.17193522473089284
2025-05-22,0.1594355244023324,0.1620527517576022,0.14390522426402946,0.17496582454063536
2025-05-23,0.1589225219127167,0.1541367720356407,0.14339222177441374,0.17445282205101964
2025-05-27,0.155383520649445,0.1655540089590508,0.13985322051114205,0.17091382078774794
2025-05-28,0.1626747699814249,0.1683280137966007,0.14714446984312196,0.17820507011972786
2025-05-29,0.1677400410295004,0.1679634000570065,0.15220974089119746,0.18327034116780336
2025-05-30,0.1664880819436671,0.1683381706217606,0.15095778180536415,0.18201838208197005
2025-06-02,0.1661581071071789,0.1679622619931548,0.15062780696887595,0.18168840724548185
2025-06-03,0.1611483510285015,0.1627268028268087,0.14561805089019855,0.17667865116680445
2025-06-04,0.1580940935536209,0.1603564753260111,0.14256379341531794,0.17362439369192384
2025-06-05,0.1574069960422592,0.1577228023570226,0.14187669590395624,0.17293729618056214
2025-06-06,0.1544535598415385,0.1597444274618946,0.13892325970323555,0.16998385997984145
2025-06-09,0.1546913583205663,0.1592925437819474,0.13916105818226335,0.17022165845886925
2025-06-10,0.1540526099729228,0.1588495133104034,0.13852230983461986,0.16958291011122575
2025-06-11,0.1509945215869502,0.118675130556414,0.13546422144864725,0.16652482172525315
2025-06-12,0.1152078819679654,0.1175984284860437,0.09967758182966245,0.13073818210626834
2025-06-13,0.1122882192759526,0.1254366940025738,0.09675791913764965,0.12781851941425554
2025-06-16,0.1243511781292735,0.1283149792355651,0.10882087799097055,0.13988147826757644
2025-06-17,0.1239936709447721,0.130856411946336,0.10846337080646914,0.13952397108307504
2025-06-18,0.1253342608395447,0.1308282833447417,0.10980396070124174,0.14086456097784764
2025-06-20,0.1280568815988552,0.1305253411342023,0.11252658146055225,0.14358718173715815
2025-06-23,0.124327252697784,0.1183676370331438,0.10879695255948105,0.13985755283608695
2025-06-24,0.1181789458395811,0.1226924190796112,0.10264864570127816,0.13370924597788406
2025-06-25,0.1151967702003352,0.1185454787879539,0.09966647006203225,0.13072707033863815
2025-06-26,0.1194055278831326,0.1007712090598701,0.10387522774482966,0.13493582802143556
2025-06-27,0.0933772843221298,0.0974054055864909,0.07784698418382685,0.10890758446043275
2025-06-30,0.0964031623988529,0.0976243892029522,0.08087286226054995,0.11193346253715585
2025-07-01,0.0947029821224827,0.0973084404287197,0.07917268198417975,0.11023328226078564
2025-07-02,0.0942293116691716,0.0969216602318039,0.07869901153086865,0.10975961180747455
2025-07-03,0.0952467390319152,0.0981512330975832,0.07971643889361225,0.11077703917021815
2025-07-07,0.0978463892448738,0.1036657662554642,0.08231608910657084,0.11337668938317674
2025-07-08,0.1001525946604594,0.1010869034202764,0.08462229452215644,0.11568289479876234
2025-07-09,0.0949019344202259,0.0979121652023557,0.07937163428192295,0.11043223455852885
2025-07-10,0.0991350199307353,0.0978460615266966,0.08360471979243235,0.11466532006903825
2025-07-11,0.0976560393679636,0.0988895834303506,0.08212573922966065,0.11318633950626655
2025-07-14,0.1019787119059278,0.0974694055881806,0.08644841176762486,0.11750901204423075
2025-07-15,0.0972525091316969,0.0994995897639188,0.08172220899339395,0.11278280926999985
2025-07-16,0.0991785621923615,0.0879974748416606,0.08364826205405855,0.11470886233066445
2025-07-17,0.0871306079172977,0.0852530727813203,0.07160030777899475,0.10266090805560064
2025-07-18,0.0834466865358332,0.0767717219526496,0.06791638639753025,0.09897698667413615
2025-07-21,0.0780380630997946,0.0762145610272957,0.06250776296149164,0.09356836323809754
2025-07-22,0.0745885909304446,0.0746572071312472,0.05905829079214166,0.09011889106874756
2025-07-23,0.0706826457983778,0.0731553131500719,0.05515234566007485,0.08621294593668075
2025-07-24,0.0709039246384337,0.0668573101004974,0.05537362450013075,0.08643422477673665
2025-07-25,0.0668080593850235,0.0669809291417262,0.05127775924672055,0.08233835952332645
2025-07-28,0.0665033267458755,0.0644083039327994,0.05097302660757255,0.08203362688417845
2025-07-29,0.0598523268537668,0.0652554448125286,0.044322026715463855,0.07538262699206974
2025-07-30,0.0646658363292642,0.0648490218664565,0.049135536190961254,0.08019613646756715
2025-07-31,0.0659472983585433,0.0669648805905181,0.050416998220240344,0.08147759849684624
2025-08-01,0.0945618901152747,0.0893604079507098,0.07903158997697175,0.11009219025357765
2025-08-04,0.0933304390231414,0.1001346882389651,0.07780013888483846,0.10886073916144436
2025-08-05,0.1124092121013905,0.0980682717040286,0.09687891196308755,0.12793951223969344
2025-08-06,0.1054465397655246,0.1009579166986757,0.08991623962722164,0.12097683990382754
2025-08-07,0.1058894012119866,0.0994258110558395,0.09035910107368365,0.12141970135028955
2025-08-08,0.1071278958700771,0.1022426336040661,0.09159759573177415,0.12265819600838004
2025-08-11,0.1033062542918314,0.1015476700572057,0.08777595415352846,0.11883655443013436
2025-08-12,0.1038777295553355,0.1069129956472477,0.08834742941703255,0.11940802969363845
2025-08-13,0.1071187615045114,0.1051199085844537,0.09158846136620845,0.12264906164281435
2025-08-14,0.1049658879062898,0.1050878813533751,0.08943558776798685,0.12049618804459275
2025-08-15,0.106185539918599,0.1045561258365068,0.09065523978029605,0.12171584005690195
2025-08-18,0.1042254027117536,0.1044542422080758,0.08869510257345065,0.11975570285005654
2025-08-19,0.1025675557025613,0.1068821675688846,0.08703725556425836,0.11809785584086425
2025-08-20,0.1042794214764517,0.1075480319937912,0.08874912133814875,0.11980972161475464
2025-08-21,0.1008838146571659,0.1048388813798422,0.08535351451886294,0.11641411479546884
2025-08-22,0.1029618225824229,0.117239796607755,0.08743152244411995,0.11849212272072585
2025-08-25,0.1217598564213059,0.1178895200958459,0.10622955628300296,0.13729015655960886
2025-08-26,0.1192240077667447,0.1185779603180077,0.10369370762844175,0.13475430790504764
2025-08-27,0.1204407859613633,0.1181014264151134,0.10491048582306035,0.13597108609966624
2025-08-28,0.1136488824162118,0.1181927215919645,0.09811858227790884,0.12917918255451474
2025-08-29,0.1142087897561112,0.1195806582412556,0.09867848961780826,0.12973908989441416
2025-09-02,0.1127584276682839,0.106227306845004,0.09722812752998095,0.12828872780658684
2025-09-03,0.1066942469539827,0.0952379337860548,0.09116394681567976,0.12222454709228565
2025-09-04,0.0941073062699877,0.0958771419011752,0.07857700613168475,0.10963760640829065
2025-09-05,0.0990573124342283,0.0944291323070025,0.08352701229592535,0.11458761257253125
2025-09-08,0.0936885739441629,0.0942768424621268,0.07815827380585995,0.10921887408246585
2025-09-09,0.0927011297859591,0.091360899501524,0.07717082964765615,0.10823142992426205
2025-09-10,0.0874937615646684,0.0909337511652592,0.07196346142636545,0.10302406170297135
2025-09-11,0.0870594395732641,0.0882379880821422,0.07152913943496116,0.10258973971156705
2025-09-12,0.0871477190421421,0.0879501605174425,0.07161741890383914,0.10267801918044504
2025-09-15,0.0869239411633259,0.0891833432971156,0.07139364102502295,0.10245424130162885
2025-09-16,0.0882060170982719,0.088766330380851,0.07267571695996895,0.10373631723657485
2025-09-17,0.083704069797777,0.0890447664626067,0.06817376965947405,0.09923436993607995
2025-09-18,0.0853380711647958,0.0864470206093098,0.06980777102649285,0.10086837130309875
2025-09-19,0.0854899998315126,0.0856867432855782,0.06995969969320966,0.10102029996981556
2025-09-22,0.0853174768611034,0.0832590189530369,0.06978717672280045,0.10084777699940635
2025-09-23,0.0806697520505617,0.0733920414636368,0.06513945191225876,0.09620005218886465
2025-09-24,0.0704882857883901,0.0722776141013234,0.05495798565008715,0.08601858592669305
2025-09-25,0.0714395241242248,0.0745533168837908,0.05590922398592185,0.08696982426252775
2025-09-26,0.0730986308939057,0.0761842376583311,0.05756833075560275,0.08862893103220865
2025-09-29,0.077687555478675,0.0759488327160793,0.062157255340372045,0.09321785561697794
2025-09-30,0.0726751309380004,0.0717168537624214,0.057144830799697455,0.08820543107630335
2025-10-01,0.071192546223419,0.0637674872256158,0.05566224608511605,0.08672284636172195
2025-10-02,0.0587874019187099,0.0627537547696741,0.043257101780406954,0.07431770205701285
2025-10-03,0.0619288328490106,0.0586486364116726,0.04639853271070765,0.07745913298731355
2025-10-06,0.0603877931644861,0.0566690874850271,0.04485749302618315,0.07591809330278905
2025-10-07,0.0622866905063081,0.0598381495103298,0.04675639036800515,0.07781699064461105
2025-10-08,0.0609729170674564,0.0616799399345469,0.045442616929153454,0.07650321720575935
2025-10-09,0.063665368209978,0.0635903216844211,0.048135068071675044,0.07919566834828094
2025-10-10,0.1088378560897367,0.1149835443524864,0.09330755595143375,0.12436815622803965
2025-10-13,0.1309717041788836,0.1267905526933957,0.11544140404058065,0.14650200431718655
2025-10-14,0.1363417197856642,0.1257074640609909,0.12081141964736125,0.15187201992396715
2025-10-15,0.1321261734985165,0.1263813542246063,0.11659587336021354,0.14765647363681944
2025-10-16,0.1321952625823546,0.1288151559567149,0.11666496244405164,0.14772556272065754
2025-10-17,0.1348670578620881,0.1292929916647602,0.11933675772378516,0.15039735800039106
2025-10-20,0.1309552131551996,0.1330476958521114,0.11542491301689664,0.14648551329350254
2025-10-21,0.1357353466352599,0.1321825938309132,0.12020504649695696,0.15126564677356286
2025-10-22,0.1361803787304305,0.1320499251179546,0.12065007859212756,0.15171067886873346
2025-10-23,0.1328086068154043,0.1327580528248483,0.11727830667710135,0.14833890695370724
2025-10-24,0.1334324631298333,0.1335936808257247,0.11790216299153036,0.14896276326813626
2025-10-27,0.1305642481827549,0.1376227589797427,0.11503394804445194,0.14609454832105784
2025-10-28,0.1352507119803391,0.1376075612179699,0.11972041184203616,0.15078101211864206
2025-10-29,0.1370091424020906,0.1374424701887859,0.12147884226378766,0.15253944254039356
2025-10-30,0.1357064673979109,0.1438889736231287,0.12017616725960795,0.15123676753621385
2025-10-31,0.1431213839596859,0.1441413853876836,0.12759108382138296,0.15865168409798885
2025-11-03,0.1403624125352033,0.1441380990204599,0.12483211239690034,0.15589271267350624
2025-11-04,0.1484784340984855,0.150500628608951,0.13294813396018254,0.16400873423678844
2025-11-05,0.1569823221949066,0.1501669550699257,0.14145202205660365,0.17251262233320955
2025-11-06,0.1559137624944896,0.1538026361209886,0.14038346235618665,0.17144406263279255
2025-11-07,0.1631347232245968,0.1535310332827116,0.14760442308629385,0.17866502336289974
2025-11-10,0.1515747632177511,0.1266661253712513,0.13604446307944815,0.16710506335605405
2025-11-11,0.1218219076184317,0.1172585932224169,0.10629160748012875,0.13735220775673465
2025-11-12,0.1170079298124224,0.1169164079308875,0.10147762967411945,0.13253822995072534
2025-11-13,0.1225991600911688,0.1322114994998823,0.10706885995286584,0.13812946022947173
2025-11-14,0.1418579752722673,0.1295487860803175,0.12632767513396434,0.15738827541057024
2025-11-17,0.1243313520693764,0.1328650961473604,0.10880105193107345,0.13986165220767935
2025-11-18,0.1423590492574326,0.1305069038106209,0.12682874911912964,0.15788934939573554
2025-11-19,0.1292023012151065,0.1314863824872228,0.11367200107680356,0.14473260135340946
2025-11-20,0.1333017853830432,0.1403531132607474,0.11777148524474024,0.14883208552134614
2025-11-21,0.14325265763089,0.143519475702453,0.12772235749258706,0.15878295776919296
2025-11-24,0.1439719991742724,0.1502549483785512,0.12844169903596944,0.15950229931257534
2025-11-25,0.1545336877720614,0.1480145721158492,0.13900338763375844,0.17006398791036434
2025-11-26,0.1503944700635437,0.1499384274552016,0.13486416992524075,0.16592477020184665
2025-11-28,0.1551772668707378,0.1513325433337006,0.13964696673243485,0.17070756700904074
2025-12-01,0.1518983436151111,0.1471208723128987,0.13636804347680814,0.16742864375341404
2025-12-02,0.1459845272054116,0.146807567421864,0.13045422706710866,0.16151482734371456
2025-12-03,0.1447551097926176,0.1471689931819929,0.12922480965431465,0.16028540993092055
2025-12-04,0.1419536165996758,0.1405899414440259,0.12642331646137286,0.15748391673797876
2025-12-05,0.126248647969732,0.1402992220566734,0.11071834783142906,0.14177894810803496
2025-12-08,0.1292372642890718,0.1348493901666431,0.11370696415076886,0.14476756442737476
2025-12-09,0.1316058698343951,0.1349930343818179,0.11607556969609215,0.14713616997269804
2025-12-10,0.1293485154419903,0.1260772250038502,0.11381821530368735,0.14487881558029325
2025-12-11,0.1182548684198869,0.1260842638375237,0.10272456828158395,0.13378516855818984
2025-12-12,0.123228078858544,0.1319504891284335,0.10769777872024106,0.13875837899684695
2025-12-15,0.1282120641033618,0.1175417664851794,0.11268176396505886,0.14374236424166476
2025-12-16,0.115381194069646,0.1180921011841372,0.09985089393134305,0.13091149420794895
2025-12-17,0.1220769401020741,0.1200153710799229,0.10654663996377114,0.13760724024037704
2025-12-18,0.1186415401042056,0.1179146511782382,0.10311123996590266,0.13417184024250856
2025-12-19,0.1192292776366714,0.120723581815858,0.10369897749836846,0.13475957777497435
2025-12-22,0.1222677305061428,0.1050707516372438,0.10673743036783985,0.13779803064444573
2025-12-23,0.0989048726183743,0.1018627531602475,0.08337457248007135,0.11443517275667725
2025-12-24,0.0953189124388783,0.0915369566602225,0.07978861230057535,0.11084921257718125
2025-12-26,0.0884617577058539,0.0872718613985776,0.07293145756755096,0.10399205784415685
2025-12-29,0.0873004432713748,0.0862145883042237,0.07177014313307185,0.10283074340967775
2025-12-30,0.0888267105819097,0.084681223555154,0.07329641044360675,0.10435701072021265
2025-12-31,0.0960640330025742,0.0873340440774363,0.08053373286427125,0.11159433314087715
2026-01-02,0.0940258807872493,0.0873296616867879,0.07849558064894635,0.10955618092555225
2026-01-05,0.0862462381481628,0.0894683843474051,0.07071593800985986,0.10177653828646575
2026-01-06,0.0910709806440183,0.0914954724879147,0.07554068050571536,0.10660128078232126
2026-01-07,0.0914840330335693,0.0923369185644752,0.07595373289526636,0.10701433317187226
2026-01-08,0.0943721225293348,0.091526319646737,0.07884182239103185,0.10990242266763775
2026-01-09,0.0892233303024965,0.0936951470272251,0.07369303016419355,0.10475363044079945
2026-01-12,0.0943979992945454,0.0914262067031475,0.07886769915624245,0.10992829943284835
2026-01-13,0.0910316908472464,0.0916637156612885,0.07550139070894345,0.10656199098554935
2026-01-14,0.0896291082508844,0.0845407572881517,0.07409880811258145,0.10515940838918734
2026-01-15,0.0838099934940837,0.0843928014148696,0.06827969335578075,0.09934029363238665
2026-01-16,0.0813359253070039,0.08360385537459,0.06580562516870095,0.09686622544530685
2026-01-20,0.0964835441824292,0.1047334315526395,0.08095324404412625,0.11201384432073215
2026-01-21,0.1096435277896072,0.108849861998756,0.09411322765130425,0.12517382792791015
2026-01-22,0.1152271429948939,0.105968473941693,0.09969684285659094,0.13075744313319684
2026-01-23,0.1077408317368049,0.1039732593480794,0.09221053159850195,0.12327113187510785
2026-01-26,0.106360581919188,0.1042481871832789,0.09083028178088505,0.12189088205749095
2026-01-27,0.1068904563324816,0.1044392479839277,0.09136015619417866,0.12242075647078456
2026-01-28,0.1031335202374213,0.1044392073294494,0.08760322009911835,0.11866382037572425
2026-01-29,0.1038973323212467,0.1038323378406328,0.08836703218294376,0.11942763245954965
2026-01-30,0.1049846624429032,0.1043641295222062,0.08945436230460026,0.12051496258120616
2026-02-02,0.103613463424333,0.1015171855535416,0.08808316328603005,0.11914376356263595
2026-02-03,0.099564504499002,0.1065397510071303,0.08403420436069906,0.11509480463730495
2026-02-04,0.1048297655123345,0.1055515716857285,0.08929946537403155,0.12036006565063745
2026-02-05,0.1086319356046246,0.1115059907971355,0.09310163546632165,0.12416223574292755
2026-02-06,0.1159019531196244,0.1308000888775402,0.10037165298132145,0.13143225325792735
2026-02-09,0.1357549140434795,0.1318207804554524,0.12022461390517655,0.15128521418178245
2026-02-10,0.1353781288930964,0.1301425617032621,0.11984782875479344,0.15090842903139934
2026-02-11,0.1307771009425498,0.1299950398732672,0.11524680080424685,0.14630740108085274
2026-02-12,0.1335510371772978,0.1404172133550167,0.11802073703899485,0.14908133731560075
2026-02-13,0.1483301301025122,0.1397182149012392,0.13279982996420925,0.16386043024081515
2026-02-17,0.1420699562716518,0.1394393426983851,0.12653965613334886,0.15760025640995476
2026-02-18,0.140750854679613,0.1408123194144022,0.12522055454131006,0.15628115481791596
2026-02-19,0.1397473893397474,0.1206693940459953,0.12421708920144445,0.15527768947805035
2026-02-20,0.1228323684680458,0.1166070786201662,0.10730206832974284,0.13836266860634874
2026-02-23,0.1215168146413537,0.1206143000845652,0.10598651450305074,0.13704711477965664
2026-02-24,0.1181878503944019,0.1235231092113881,0.10265755025609895,0.13371815053270483
2026-02-25,0.1232947941069123,0.1258117814574031,0.10776449396860935,0.13882509424521525
2026-02-26,0.1259984472389035,0.1263825616530034,0.11046814710060054,0.14152874737720644
2026-02-27,0.1250785378029655,0.1272810990785729,0.10954823766466254,0.14060883794126844
2026-03-02,0.1233968722631605,0.1272508376006798,0.10786657212485755,0.13892717240146343
2026-03-03,0.1242205556774378,0.1302658972417193,0.10869025553913485,0.13975085581574073
2026-03-04,0.1265479551884719,0.1316120175913143,0.11101765505016895,0.14207825532677484
2026-03-05,0.135252227206692,0.1298224787000981,0.11972192706838905,0.15078252734499495
2026-03-06,0.132060604164654,0.1363394665369285,0.11653030402635106,0.14759090430295696
2026-03-09,0.1410158466001587,0.1334323133707033,0.12548554646185575,0.15654614673846165
2026-03-10,0.1331834196553119,0.1142607523456285,0.11765311951700896,0.14871371979361486
2026-03-11,0.1134897268395025,0.1123330478441995,0.09795942670119955,0.12902002697780543
2026-03-12,0.1186576784596209,0.1224500756705773,0.10312737832131795,0.13418797859792383
2026-03-13,0.1242220236391313,0.1230071051023779,0.10869172350082835,0.13975232377743424
2026-03-16,0.1257076944034169,0.1196802758989835,0.11017739426511394,0.14123799454171984
2026-03-17,0.1187345775378906,0.1201819201456469,0.10320427739958765,0.13426487767619355
2026-03-18,0.1209259317427724,0.1282459912007457,0.10539563160446945,0.13645623188107533
2026-03-19,0.1315241209836614,0.1260370737085688,0.11599382084535845,0.14705442112196435
2026-03-20,0.1274568203010609,0.133355628325832,0.11192652016275795,0.14298712043936385
2026-03-23,0.1379540333091397,0.1367360523301847,0.12242373317083674,0.15348433344744264
2026-03-24,0.1433724190018116,0.1337166353255417,0.12784211886350866,0.15890271914011456
2026-03-25,0.1370296361707159,0.1323773104722229,0.12149933603241295,0.15255993630901885
2026-03-26,0.1365753307526189,0.1376684163472407,0.12104503061431596,0.15210563089092186
2026-03-27,0.1414288778573122,0.1457497532229575,0.12589857771900925,0.15695917799561515
2026-03-30,0.1537018853930916,0.1457155041505394,0.13817158525478865,0.16923218553139455
2026-03-31,0.148736480041218,0.1837739324748039,0.13320617990291506,0.16426678017952095
2026-04-01,0.1894045548252197,0.1853102618751683,0.17387425468691675,0.20493485496352265
2026-04-02,0.1894256187483693,0.1828890129298815,0.17389531861006635,0.20495591888667225
2026-04-06,0.1854704984542153,0.1837874137418057,0.16994019831591234,0.20100079859251824
2026-04-07,0.1753182596785471,0.1788216678308677,0.15978795954024416,0.19084855981685006
2026-04-08,0.1768963627196443,0.1978961924531285,0.16136606258134134,0.19242666285794724
2026-04-09,0.1996827489070071,0.1987967055188987,0.18415244876870415,0.21521304904531005
2026-04-10,0.1996649755554713,0.1987479673499975,0.18413467541716835,0.21519527569377425
2026-04-13,0.1957524519505672,0.1927328688440765,0.18022215181226425,0.21128275208887015
2026-04-14,0.1868426946544589,0.1941839253055391,0.17131239451615596,0.20237299479276186
2026-04-15,0.1928652237338953,0.1932027178207352,0.17733492359559236,0.20839552387219826
2026-04-16,0.1930460494350277,0.1931997410494973,0.17751574929672476,0.20857634957333065
2026-04-17,0.1908832149476142,0.1864305785595404,0.17535291480931126,0.20641351508591715
2026-04-20,0.1798571304837239,0.1862492637919347,0.16432683034542095,0.19538743062202685
2026-04-21,0.1767756409441606,0.1785127513197212,0.16124534080585765,0.19230594108246354
2026-04-22,0.1717937239044647,0.1783468492996968,0.15626342376616176,0.18732402404276766
2026-04-23,0.1686707046315493,0.1786254677411062,0.15314040449324634,0.18420100476985224
2026-04-24,0.1751972768408815,0.1790396750698009,0.15966697670257854,0.19072757697918444
2026-04-27,0.1689506778451265,0.1605979768449998,0.15342037770682354,0.18448097798342944
2026-04-28,0.154907429458232,0.1440433292484728,0.13937712931992904,0.17043772959653494
2026-04-29,0.1366670738553983,0.1419815924379268,0.12113677371709536,0.15219737399370126
2026-04-30,0.1304643558351637,0.1162236616887947,0.11493405569686074,0.14599465597346664
2026-05-01,0.1157713533075789,0.1159705971379615,0.10024105316927595,0.13130165344588185
2026-05-04,0.1162614902465817,0.1188191606203819,0.10073119010827875,0.13179179038488464
2026-05-05,0.1153639934137332,0.1194983595973333,0.09983369327543025,0.13089429355203613
2026-05-06,0.1123266714460565,0.1227434745073816,0.09679637130775355,0.12785697158435944
2026-05-07,0.1160748787191074,0.1018222860537546,0.10054457858080446,0.13160517885741035
2026-05-08,0.0983988964421277,0.1027855312978869,0.08286859630382475,0.11392919658043064
2026-05-11,0.0944044552817058,0.1016477020028986,0.07887415514340285,0.10993475542000875
2026-05-12,0.0958546612099783,0.1011549192625531,0.08032436107167536,0.11138496134828126
2026-05-13,0.0970180542631836,0.0965620312682288,0.08148775412488066,0.11254835440148656
2026-05-14,0.0989943176960561,0.0965640620988298,0.08346401755775315,0.11452461783435905
2026-05-15,0.100948225424381,0.1101409578105729,0.08541792528607806,0.11647852556268395
2026-05-18,0.1132246528773426,0.1049598915591176,0.09769435273903965,0.12875495301564555
2026-05-19,0.1020195203454689,0.1083366120857528,0.08648922020716596,0.11754982048377186
2026-05-20,0.1085655633413717,0.1078746244056464,0.09303526320306875,0.12409586347967465
2026-05-21,0.110250311021595,0.1042479215918966,0.09472001088329204,0.12578061115989794
2026-05-22,0.1011162447422357,0.1021181268763907,0.08558594460393275,0.11664654488053865
2026-05-26,0.0996043804219875,0.1014686793983161,0.08407408028368456,0.11513468056029046
2026-05-27,0.1012584098271569,0.1018361269326946,0.08572810968885396,0.11678870996545986
2026-05-28,0.10004864279092,0.0989322503648712,0.08451834265261705,0.11557894292922295
2026-05-29,0.0990155958787078,0.0983638305158385,0.08348529574040485,0.11454589601701075
2026-06-01,0.0972206272272262,0.0950258690807675,0.08169032708892325,0.11275092736552915
2026-06-02,0.0914087705989532,0.0951149144798541,0.07587847046065026,0.10693907073725616
2026-06-03,0.0886599218082011,0.0985289125963754,0.07312962166989816,0.10419022194650406
2026-06-04,0.0982862137393212,0.096546758128838,0.08275591360101825,0.11381651387762415
2026-06-05,0.1021593435748523,0.1293661235473725,0.08662904343654936,0.11768964371315525
2026-06-08,0.1364967054642833,0.1289643742870453,0.12096640532598035,0.15202700560258625
2026-06-09,0.1332806945187751,0.1263063062306521,0.11775039438047216,0.14881099465707806
2026-06-10,0.1362898406598273,0.1373137997066953,0.12075954052152435,0.15182014079813025
2026-06-11,0.14532708706407,0.1504003623455986,0.12979678692576704,0.16085738720237294
2026-06-12,0.160284666331381,0.1503145537229566,0.14475436619307805,0.17581496646968395
2026-06-15,0.1571547276182087,0.1600583241501627,0.14162442747990575,0.17268502775651165
2026-06-16,0.167276998887901,0.1553579324306273,0.15174669874959806,0.18280729902620396
2026-06-17,0.163972136951872,0.1620138383442227,0.14844183681356904,0.17950243709017494
2026-06-18,0.1706565995996389,0.1636948057056704,0.15512629946133594,0.18618689973794184
2026-06-22,0.167691439407124,0.1607075571150555,0.15216113926882105,0.18322173954542695
2026-06-23,0.164140059457329,0.1686527822502418,0.14860975931902606,0.17967035959563196
2026-06-24,0.1745187998295456,0.1678966249932405,0.15898849969124265,0.19004909996784855
2026-06-25,0.1681279914397077,0.1660113526123505,0.15259769130140474,0.18365829157801064
2026-06-26,0.1613016439321818,0.1674165512409032,0.14577134379387885,0.17683194407048475
2026-06-29,0.1611976893847866,0.1768755064688157,0.14566738924648365,0.17672798952308955
2026-06-30,0.1716473384913247,0.1790169675554575,0.15611703835302176,0.18717763862962766
2026-07-01,0.178438708254781,0.1786517779530573,0.16290840811647805,0.19396900839308395
2026-07-02,0.1765188815716944,0.1785063749791945,0.16098858143339145,0.19204918170999735
2026-07-06,0.1726777517615443,0.1799034715753705,0.15714745162324134,0.18820805189984724
2026-07-07,0.1739218069262331,0.1800396465361124,0.15839150678793015,0.18945210706453605
2026-07-08,0.1748191300935546,0.1545144106380765,0.15928882995525165,0.19034943023185755
